TIME,PID,SIZE(B),NUM
1660551792.58,     1365956,0,0
1660551793.58,     1365956,0,0
1660551794.58,     1365956,15,1
1660551795.59,     1365956,15,1
1660551796.59,     1365956,15,1
1660551797.59,     1365956,15,1
1660551798.59,     1365956,15,1
1660551799.59,     1365956,8330,16
1660551800.72,     1365956,65666,1588
1660551801.87,     1365956,161089,4616
1660551803.06,     1365956,267995,8009
1660551804.24,     1365956,370032,11250
1660551805.44,     1365956,480009,14739
1660551806.64,     1365956,577722,17841
1660551807.83,     1365956,680979,21122
1660551809.03,     1365956,785129,24427
1660551810.22,     1365956,889824,27749
1660551811.44,     1365956,997308,31163
1660551812.63,     1365956,1095626,34283
1660551813.82,     1365956,1205821,37783
1660551815.02,     1365956,1313759,41210
1660551816.24,     1365956,1429615,44888
